REGIAO;SG_UF;QT_APTOS;QT_ABSTENCOES;PCT_ABST
Exterior;ZZ;916534;574345;62.66
Centro-Oeste;MS;2024430;483210;23.87
Sudeste;RJ;12857648;2997846;23.32
Sudeste;MG;16372372;3735098;22.81
Sudeste;SP;34122892;7690900;22.54
Centro-Oeste;MT;2637801;585668;22.2
Centro-Oeste;GO;5080590;1109003;21.83
Norte;RO;1265893;274813;21.71
Sudeste;ES;2991650;639368;21.37
Sul;RS;8522545;1819642;21.35
Nordeste;AL;2442126;503698;20.63
Sul;PR;8613657;1772200;20.57
Norte;AC;613742;125412;20.43
Norte;AM;2798611;564062;20.16
Nordeste;BA;11312752;2259151;19.97
Nordeste;MA;5183115;1022772;19.73
Norte;PA;6262397;1195893;19.1
Sul;SC;5734651;1086492;18.95
Centro-Oeste;DF;2258320;426924;18.9
Nordeste;RN;2659825;488812;18.38
Norte;TO;1182023;216827;18.34
Nordeste;PE;7223450;1312388;18.17
Norte;AP;576988;100426;17.41
Nordeste;PB;3248531;564543;17.38
Nordeste;SE;1740135;301053;17.3
Nordeste;PI;2704758;463875;17.15
Norte;RR;401521;68749;17.12
Nordeste;CE;6996545;1086074;15.52
