NM_MUNICIPIO;QT_APTOS;QT_ABSTENCOES;PCT_ABST
CATARINA;9892.0;2516.0;25.43
PARAMBU;27269.0;6593.0;24.18
ITATIRA;19602.0;4551.0;23.22
ANTONINA DO NORTE;7089.0;1621.0;22.87
NOVO ORIENTE;23218.0;5276.0;22.72
BARRO;17005.0;3812.0;22.42
PEDRA BRANCA;34612.0;7660.0;22.13
IPUEIRAS;30943.0;6747.0;21.8
JARDIM;22592.0;4911.0;21.74
CROATÁ;15338.0;3328.0;21.7
CHAVAL;10966.0;2349.0;21.42
MOMBAÇA;32520.0;6924.0;21.29
ARNEIROZ;6939.0;1476.0;21.27
MUCAMBO;12736.0;2690.0;21.12
TARRAFAS;7393.0;1559.0;21.09
AIUABA;11440.0;2399.0;20.97
JUCÁS;20189.0;4223.0;20.92
CARNAUBAL;14575.0;3035.0;20.82
BARROQUINHA;15207.0;3165.0;20.81
ASSARÉ;18914.0;3901.0;20.62
IRACEMA;12096.0;2494.0;20.62
GUARACIABA DO NORTE;34685.0;7046.0;20.31
ICÓ;51307.0;10377.0;20.23
ALCÂNTARAS;10265.0;2076.0;20.22
AURORA;20292.0;4096.0;20.19
JATI;7093.0;1429.0;20.15
IBIAPINA;20158.0;4027.0;19.98
MISSÃO VELHA;30981.0;6174.0;19.93
MONSENHOR TABOSA;14947.0;2975.0;19.9
ORÓS;17682.0;3509.0;19.85
CAMPOS SALES;20555.0;4077.0;19.83
IPAPORANGA;10349.0;2052.0;19.83
ABAIARA;7775.0;1536.0;19.76
GRANJA;44060.0;8665.0;19.67
PEREIRO;14487.0;2840.0;19.6
TAUÁ;47270.0;9266.0;19.6
SÃO JOÃO DO JAGUARIBE;5965.0;1168.0;19.58
LAVRAS DA MANGABEIRA;24134.0;4710.0;19.52
PACUJÁ;6659.0;1293.0;19.42
PORANGA;10071.0;1956.0;19.42
CEDRO;20348.0;3929.0;19.31
SABOEIRO;12621.0;2435.0;19.29
SÃO BENEDITO;37548.0;7230.0;19.26
PORTEIRAS;14641.0;2816.0;19.23
JAGUARIBE;29394.0;5634.0;19.17
TAMBORIL;21345.0;4083.0;19.13
CARIRÉ;15391.0;2933.0;19.06
CAMOCIM;50991.0;9714.0;19.05
ACARAÚ;49197.0;9366.0;19.04
BOA VIAGEM;42595.0;8098.0;19.01
ARARIPE;17494.0;3312.0;18.93
GENERAL SAMPAIO;8274.0;1563.0;18.89
GRANJEIRO;6328.0;1190.0;18.81
QUITERIANÓPOLIS;16987.0;3194.0;18.8
NOVA RUSSAS;24866.0;4672.0;18.79
JIJOCA DE JERICOACOARA;21575.0;4047.0;18.76
MILAGRES;22637.0;4230.0;18.69
ITAREMA;34502.0;6446.0;18.68
MORAÚJO;8262.0;1537.0;18.6
GROAÍRAS;9842.0;1830.0;18.59
AMONTADA;36349.0;6716.0;18.48
ALTANEIRA;6949.0;1279.0;18.41
CHORÓ;11642.0;2142.0;18.4
TABULEIRO DO NORTE;26004.0;4779.0;18.38
PIQUET CARNEIRO;12098.0;2224.0;18.38
ERERÉ;5605.0;1027.0;18.32
GRAÇA;12854.0;2346.0;18.25
VÁRZEA ALEGRE;32554.0;5887.0;18.08
GUARAMIRANGA;6646.0;1199.0;18.04
UMIRIM;16067.0;2873.0;17.88
SOLONÓPOLE;14292.0;2552.0;17.86
VIÇOSA DO CEARÁ;48288.0;8616.0;17.84
CRUZ;23786.0;4212.0;17.71
CATUNDA;9313.0;1642.0;17.63
UMARI;6522.0;1150.0;17.63
BELA CRUZ;21553.0;3798.0;17.62
MADALENA;14764.0;2600.0;17.61
SÃO LUÍS DO CURU;12630.0;2202.0;17.43
COREAÚ;19700.0;3431.0;17.42
SANTANA DO CARIRI;13899.0;2419.0;17.4
SALITRE;14839.0;2575.0;17.35
CARIRIAÇU;24954.0;4312.0;17.28
CARIÚS;15846.0;2728.0;17.22
ITAPIÚNA;16385.0;2820.0;17.21
CANINDÉ;60219.0;10359.0;17.2
BREJO SANTO;36964.0;6351.0;17.18
MULUNGU;9751.0;1660.0;17.02
MAURITI;36552.0;6174.0;16.89
MIRAÍMA;12141.0;2047.0;16.86
INDEPENDÊNCIA;21208.0;3573.0;16.85
URUOCA;11317.0;1901.0;16.8
JAGUARETAMA;15538.0;2608.0;16.78
NOVA OLINDA;12790.0;2141.0;16.74
ARATUBA;12289.0;2056.0;16.73
SANTA QUITÉRIA;33618.0;5618.0;16.71
ARARENDÁ;9705.0;1620.0;16.69
URUBURETAMA;18709.0;3114.0;16.64
PARACURU;33717.0;5595.0;16.59
REDENÇÃO;24248.0;4022.0;16.59
UBAJARA;27963.0;4636.0;16.58
BARBALHA;53415.0;8783.0;16.44
QUIXERAMOBIM;60112.0;9875.0;16.43
MORADA NOVA;56913.0;9314.0;16.37
HIDROLÂNDIA;16000.0;2616.0;16.35
PACOTI;10776.0;1761.0;16.34
CRATEÚS;60099.0;9807.0;16.32
SÃO GONÇALO DO AMARANTE;51355.0;8350.0;16.26
MILHÃ;11291.0;1834.0;16.24
SENADOR POMPEU;20302.0;3287.0;16.19
DEPUTADO IRAPUAN PINHEIRO;7474.0;1209.0;16.18
BAIXIO;5464.0;882.0;16.14
ALTO SANTO;12108.0;1952.0;16.12
BATURITÉ;28552.0;4603.0;16.12
IPAUMIRIM;9459.0;1523.0;16.1
PENAFORTE;8694.0;1395.0;16.05
PENTECOSTE;32386.0;5197.0;16.05
RERIUTABA;15853.0;2541.0;16.03
CARIDADE;17474.0;2801.0;16.03
ACOPIARA;38571.0;6167.0;15.99
FARIAS BRITO;17579.0;2795.0;15.9
VARJOTA;15992.0;2540.0;15.88
BANABUIÚ;15673.0;2488.0;15.87
POTENGI;8102.0;1286.0;15.87
MORRINHOS;19053.0;3014.0;15.82
PALMÁCIA;9908.0;1563.0;15.78
FRECHEIRINHA;13849.0;2178.0;15.73
EUSÉBIO;59877.0;9404.0;15.71
JUAZEIRO DO NORTE;200346.0;31426.0;15.69
QUIXERÉ;18875.0;2956.0;15.66
APUIARÉS;12696.0;1974.0;15.55
PARAMOTI;10188.0;1581.0;15.52
QUIXADÁ;61599.0;9507.0;15.43
IPU;33130.0;5095.0;15.38
IRAUÇUBA;19467.0;2994.0;15.38
SOBRAL;153073.0;23379.0;15.27
IBARETAMA;13532.0;2066.0;15.27
JAGUARUANA;28915.0;4416.0;15.27
ITAPAJÉ;39662.0;6057.0;15.27
CAPISTRANO;16205.0;2473.0;15.26
RUSSAS;58537.0;8867.0;15.15
TRAIRI;49869.0;7553.0;15.15
MARCO;23434.0;3549.0;15.14
ARACATI;57417.0;8684.0;15.12
MARTINÓPOLE;10730.0;1621.0;15.11
CASCAVEL;60466.0;9131.0;15.1
TEJUÇUOCA;15973.0;2408.0;15.08
PALHANO;9841.0;1477.0;15.01
MERUOCA;13277.0;1989.0;14.98
SANTANA DO ACARAÚ;25778.0;3856.0;14.96
PINDORETAMA;21261.0;3163.0;14.88
ICAPUÍ;17718.0;2629.0;14.84
IGUATU;71278.0;10562.0;14.82
LIMOEIRO DO NORTE;46944.0;6936.0;14.78
FORTIM;17196.0;2523.0;14.67
HORIZONTE;62776.0;9188.0;14.64
PARAIPABA;27584.0;4016.0;14.56
TIANGUÁ;59588.0;8531.0;14.32
PACATUBA;57825.0;8229.0;14.23
AQUIRAZ;69632.0;9885.0;14.2
IBICUITINGA;12514.0;1762.0;14.08
ITAIÇABA;7213.0;1012.0;14.03
TURURU;15653.0;2195.0;14.02
QUIXELÔ;14956.0;2077.0;13.89
CRATO;95932.0;13236.0;13.8
BEBERIBE;46979.0;6478.0;13.79
FORQUILHA;19740.0;2723.0;13.79
CHOROZINHO;18301.0;2511.0;13.72
CAUCAIA;249622.0;34206.0;13.7
BARREIRA;19586.0;2671.0;13.64
SENADOR SÁ;7038.0;958.0;13.61
ITAPIPOCA;103228.0;13985.0;13.55
JAGUARIBARA;8993.0;1215.0;13.51
MASSAPÊ;31825.0;4276.0;13.44
ACARAPE;12546.0;1678.0;13.37
GUAIÚBA;20884.0;2759.0;13.21
ITAITINGA;38235.0;5040.0;13.18
PIRES FERREIRA;8610.0;1131.0;13.14
FORTALEZA;1795713.0;233859.0;13.02
MARANGUAPE;83544.0;10710.0;12.82
ARACOIABA;24943.0;3179.0;12.75
POTIRETAMA;5834.0;743.0;12.74
PACAJUS;54458.0;6848.0;12.57
MARACANAÚ;179488.0;22238.0;12.39
OCARA;25191.0;2933.0;11.64
