ra_nome;QT_APTOS;QT_ABSTENCOES;PCT_ABST
ITAPOÃ;24185;5661;23.41
SCIA;24535;5730;23.35
VARJÃO;5034;1141;22.67
ARAPOANGA;22792;5059;22.2
SOL NASCENTE E POR DO SOL;18637;4115;22.08
FERCAL;6676;1461;21.88
PARANOÁ;62454;13411;21.47
AGUA QUENTE;5873;1213;20.65
RECANTO DAS EMAS;87997;18127;20.6
SANTA MARIA;101858;20722;20.34
SÃO SEBASTIÃO;71310;14165;19.86
SOBRADINHO II;36221;7168;19.79
BRAZLÂNDIA;50007;9854;19.71
RIACHO FUNDO;33868;6606;19.51
PLANALTINA;115166;22343;19.4
ARNIQUEIRA;11048;2127;19.25
CEILÂNDIA;300758;57771;19.21
GAMA;128410;24451;19.04
LAGO SUL;42519;8008;18.83
SAMAMBAIA;161723;30403;18.8
SIA;1140;212;18.6
RIACHO FUNDO II;34755;6444;18.54
NÚCLEO BANDEIRANTE;34781;6398;18.4
PLANO PILOTO;194397;35644;18.34
SOBRADINHO;89840;16345;18.19
LAGO NORTE;33194;6015;18.12
TAGUATINGA;218979;39211;17.91
GUARÁ;110603;19538;17.66
PARK WAY;5851;1023;17.48
CRUZEIRO;35928;6254;17.41
CANDANGOLÂNDIA;14317;2487;17.37
VICENTE PIRES;40754;6845;16.8
ÁGUAS CLARAS;79234;12719;16.05
SUDOESTE/OCTOGONAL;37249;5930;15.92
JARDIM BOTÂNICO;16227;2323;14.32
